{
  "source_label": "Anthropoid clean411 epoch-150 PC1-PC4 signed traversal",
  "source_npz": "outputs/pod_sync/anthropoid_clean411_postprocessed_epoch150_pc1234_signed_traversal/pc_traversals_epoch_0150_contextsafe_train_rawpca4_pct5_95_pc1234_signedreview/pc_traversals.npz",
  "n_pcs": 4,
  "n_steps": 41,
  "n_vertices": 12000,
  "n_faces": 23996,
  "midpoint_index": 20,
  "vertices_shape": [
    4,
    41,
    12000,
    3
  ],
  "signed_shape": [
    4,
    41,
    12000
  ],
  "faces_shape": [
    23996,
    3
  ],
  "pca_explained_variance_ratio": [
    0.19192837178707123,
    0.137087881565094,
    0.0891832709312439,
    0.06968408823013306
  ],
  "pc_scores": [
    [
      -0.1817759871482849,
      -0.17080192267894745,
      -0.15982785820960999,
      -0.14885379374027252,
      -0.13787972927093506,
      -0.1269056648015976,
      -0.11593160033226013,
      -0.10495753586292267,
      -0.0939834713935852,
      -0.08300940692424774,
      -0.07203534245491028,
      -0.061061277985572815,
      -0.05008721351623535,
      -0.03911314904689789,
      -0.028139084577560425,
      -0.01716502010822296,
      -0.006190955638885498,
      0.004783108830451965,
      0.01575717329978943,
      0.026731237769126892,
      0.037705302238464355,
      0.04867936670780182,
      0.05965343117713928,
      0.07062749564647675,
      0.08160156011581421,
      0.09257562458515167,
      0.10354968905448914,
      0.1145237535238266,
      0.12549781799316406,
      0.13647188246250153,
      0.147445946931839,
      0.15842001140117645,
      0.16939407587051392,
      0.18036814033985138,
      0.19134220480918884,
      0.2023162692785263,
      0.21329033374786377,
      0.22426439821720123,
      0.2352384626865387,
      0.24621252715587616,
      0.2571865916252136
    ],
    [
      -0.13570263981819153,
      -0.12491542100906372,
      -0.11412819474935532,
      -0.10334097594022751,
      -0.0925537571310997,
      -0.0817665308713913,
      -0.07097931206226349,
      -0.06019209325313568,
      -0.049404870718717575,
      -0.03861765190958977,
      -0.02783042937517166,
      -0.017043208703398705,
      -0.006255987100303173,
      0.004531233571469784,
      0.015318455174565315,
      0.026105675846338272,
      0.03689289838075638,
      0.047680117189884186,
      0.05846733972430229,
      0.0692545622587204,
      0.0800417810678482,
      0.09082899987697601,
      0.10161622613668442,
      0.11240344494581223,
      0.12319066375494003,
      0.13397789001464844,
      0.14476510882377625,
      0.15555232763290405,
      0.16633954644203186,
      0.17712676525115967,
      0.18791398406028748,
      0.19870121777057648,
      0.20948843657970428,
      0.2202756553888321,
      0.2310628741979599,
      0.2418500930070877,
      0.2526373267173767,
      0.2634245455265045,
      0.2742117643356323,
      0.28499898314476013,
      0.29578620195388794
    ],
    [
      -0.2057102620601654,
      -0.19688421487808228,
      -0.18805816769599915,
      -0.17923212051391602,
      -0.17040607333183289,
      -0.16158002614974976,
      -0.15275397896766663,
      -0.1439279466867447,
      -0.13510189950466156,
      -0.12627585232257843,
      -0.1174498051404953,
      -0.10862375795841217,
      -0.09979771077632904,
      -0.09097166359424591,
      -0.08214561641216278,
      -0.07331956923007965,
      -0.06449352204799652,
      -0.05566747859120369,
      -0.04684143140912056,
      -0.03801538795232773,
      -0.0291893407702446,
      -0.020363295450806618,
      -0.011537248268723488,
      -0.00271120248362422,
      0.006114843301475048,
      0.014940889552235603,
      0.023766934871673584,
      0.032592982053756714,
      0.041419029235839844,
      0.050245072692632675,
      0.059071119874715805,
      0.06789716333150864,
      0.07672321051359177,
      0.0855492576956749,
      0.09437530487775803,
      0.10320135205984116,
      0.11202739924192429,
      0.12085343897342682,
      0.12967948615550995,
      0.13850553333759308,
      0.1473315805196762
    ],
    [
      -0.1418578028678894,
      -0.13535071909427643,
      -0.12884363532066345,
      -0.12233654409646988,
      -0.1158294603228569,
      -0.10932236909866333,
      -0.10281528532505035,
      -0.09630820155143738,
      -0.0898011103272438,
      -0.08329402655363083,
      -0.07678693532943726,
      -0.07027985155582428,
      -0.0637727677822113,
      -0.05726568028330803,
      -0.050758592784404755,
      -0.04425150901079178,
      -0.037744421511888504,
      -0.03123733401298523,
      -0.024730248376727104,
      -0.01822316087782383,
      -0.011716075241565704,
      -0.005208988673985004,
      0.00129809754434973,
      0.007805183995515108,
      0.01431227009743452,
      0.02081935666501522,
      0.027326442301273346,
      0.03383352980017662,
      0.040340617299079895,
      0.04684770107269287,
      0.053354788571596146,
      0.05986187607049942,
      0.0663689598441124,
      0.07287605106830597,
      0.07938313484191895,
      0.08589021861553192,
      0.0923973098397255,
      0.09890439361333847,
      0.10541147738695145,
      0.11191856861114502,
      0.118425652384758
    ]
  ],
  "pc_score_extrema": [
    {
      "pc": 1,
      "min": -0.1817759871482849,
      "midpoint": 0.037705302238464355,
      "max": 0.2571865916252136
    },
    {
      "pc": 2,
      "min": -0.13570263981819153,
      "midpoint": 0.0800417810678482,
      "max": 0.29578620195388794
    },
    {
      "pc": 3,
      "min": -0.2057102620601654,
      "midpoint": -0.0291893407702446,
      "max": 0.1473315805196762
    },
    {
      "pc": 4,
      "min": -0.1418578028678894,
      "midpoint": -0.011716075241565704,
      "max": 0.118425652384758
    }
  ],
  "scalar_percentile": 98.0,
  "signed_scalar_definition": "For each PC, signed scalar = dot(decoded_vertex_at_state - decoded_midpoint_vertex, outward_oriented_midpoint_vertex_normal).",
  "scalar_limit_signed_normal_displacement": 0.024886399507522583,
  "per_pc_scalar_limits": [
    0.026832694187760353,
    0.02747642993927002,
    0.025608021765947342,
    0.011892959475517273
  ],
  "template_mesh_id": "Nasalis_larvatus_106273_CUB",
  "decoder_context_mesh_id": "Nasalis_larvatus_106273_CUB",
  "decoder_template_mesh_id": "Nasalis_larvatus_37344_CUB",
  "traversal_mode": "mean_slice",
  "model_name": "LS_DF_Prism_net",
  "dataset_split": "train"
}